year,school_name,department,specialty_name,score_level,result_min_score,final_admission_min_score,final_admission_max_score,admission_avg_score,school_retest_min_score,admission_score_raw,source_type,source_url,verify_status,notes
2026,国际关系学院,,公共外交与文化传播,官网拟录取最低分,331,331,402,352.33,,6人，初试分范围 331-402,招生单位官网拟录取名单,https://yjszs.uir.cn/info/1421/7541.htm,官网表格按专业聚合,从招生单位官网拟录取名单按专业计算初试最低分。
2026,国际关系学院,,国别与区域研究（美国研究）,官网拟录取最低分,355,355,355,355.0,,1人，初试分范围 355-355,招生单位官网拟录取名单,https://yjszs.uir.cn/info/1421/7541.htm,官网表格按专业聚合,从招生单位官网拟录取名单按专业计算初试最低分。
2026,国际关系学院,,国别与区域研究（非洲研究）,官网拟录取最低分,365,365,365,365.0,,1人，初试分范围 365-365,招生单位官网拟录取名单,https://yjszs.uir.cn/info/1421/7541.htm,官网表格按专业聚合,从招生单位官网拟录取名单按专业计算初试最低分。
2026,国际关系学院,,国家安全学,官网拟录取最低分,290,290,424,357.39,,33人，初试分范围 290-424,招生单位官网拟录取名单,https://yjszs.uir.cn/info/1421/7541.htm,官网表格按专业聚合,从招生单位官网拟录取名单按专业计算初试最低分。
2026,国际关系学院,,国家安全学（管理与保障）,官网拟录取最低分,285,285,409,347.0,,2人，初试分范围 285-409,招生单位官网拟录取名单,https://yjszs.uir.cn/info/1421/7541.htm,官网表格按专业聚合,从招生单位官网拟录取名单按专业计算初试最低分。
2026,国际关系学院,,国际关系,官网拟录取最低分,339,339,416,372.74,,27人，初试分范围 339-416,招生单位官网拟录取名单,https://yjszs.uir.cn/info/1421/7541.htm,官网表格按专业聚合,从招生单位官网拟录取名单按专业计算初试最低分。
2026,国际关系学院,,国际关系与国际法,官网拟录取最低分,369,369,369,369.0,,1人，初试分范围 369-369,招生单位官网拟录取名单,https://yjszs.uir.cn/info/1421/7541.htm,官网表格按专业聚合,从招生单位官网拟录取名单按专业计算初试最低分。
2026,国际关系学院,,国际政治,官网拟录取最低分,326,326,391,347.4,,10人，初试分范围 326-391,招生单位官网拟录取名单,https://yjszs.uir.cn/info/1421/7541.htm,官网表格按专业聚合,从招生单位官网拟录取名单按专业计算初试最低分。
2026,国际关系学院,,大数据技术与工程,官网拟录取最低分,268,268,371,315.85,,13人，初试分范围 268-371,招生单位官网拟录取名单,https://yjszs.uir.cn/info/1421/7541.htm,官网表格按专业聚合,从招生单位官网拟录取名单按专业计算初试最低分。
2026,国际关系学院,,应用心理,官网拟录取最低分,349,349,349,349.0,,1人，初试分范围 349-349,招生单位官网拟录取名单,https://yjszs.uir.cn/info/1421/7541.htm,官网表格按专业聚合,从招生单位官网拟录取名单按专业计算初试最低分。
2026,国际关系学院,,政治学理论,官网拟录取最低分,330,330,407,363.27,,15人，初试分范围 330-407,招生单位官网拟录取名单,https://yjszs.uir.cn/info/1421/7541.htm,官网表格按专业聚合,从招生单位官网拟录取名单按专业计算初试最低分。
2026,国际关系学院,,日语笔译,官网拟录取最低分,359,359,359,359.0,,1人，初试分范围 359-359,招生单位官网拟录取名单,https://yjszs.uir.cn/info/1421/7541.htm,官网表格按专业聚合,从招生单位官网拟录取名单按专业计算初试最低分。
2026,国际关系学院,,日语语言文学,官网拟录取最低分,357,357,357,357.0,,1人，初试分范围 357-357,招生单位官网拟录取名单,https://yjszs.uir.cn/info/1421/7541.htm,官网表格按专业聚合,从招生单位官网拟录取名单按专业计算初试最低分。
2026,国际关系学院,,法律（法学）,官网拟录取最低分,337,337,349,342.0,,3人，初试分范围 337-349,招生单位官网拟录取名单,https://yjszs.uir.cn/info/1421/7541.htm,官网表格按专业聚合,从招生单位官网拟录取名单按专业计算初试最低分。
2026,国际关系学院,,法律（非法学）,官网拟录取最低分,340,340,345,343.0,,4人，初试分范围 340-345,招生单位官网拟录取名单,https://yjszs.uir.cn/info/1421/7541.htm,官网表格按专业聚合,从招生单位官网拟录取名单按专业计算初试最低分。
2026,国际关系学院,,网络空间安全,官网拟录取最低分,307,307,335,321.33,,3人，初试分范围 307-335,招生单位官网拟录取名单,https://yjszs.uir.cn/info/1421/7541.htm,官网表格按专业聚合,从招生单位官网拟录取名单按专业计算初试最低分。
2026,国际关系学院,,英语口译,官网拟录取最低分,359,359,400,379.5,,2人，初试分范围 359-400,招生单位官网拟录取名单,https://yjszs.uir.cn/info/1421/7541.htm,官网表格按专业聚合,从招生单位官网拟录取名单按专业计算初试最低分。
2026,国际关系学院,,英语笔译,官网拟录取最低分,364,364,424,395.33,,3人，初试分范围 364-424,招生单位官网拟录取名单,https://yjszs.uir.cn/info/1421/7541.htm,官网表格按专业聚合,从招生单位官网拟录取名单按专业计算初试最低分。
2026,国际关系学院,,警务（警务方向）,官网拟录取最低分,321,321,417,364.74,,34人，初试分范围 321-417,招生单位官网拟录取名单,https://yjszs.uir.cn/info/1421/7541.htm,官网表格按专业聚合,从招生单位官网拟录取名单按专业计算初试最低分。
2026,国际关系学院,,警务（调查）,官网拟录取最低分,329,329,417,376.87,,23人，初试分范围 329-417,招生单位官网拟录取名单,https://yjszs.uir.cn/info/1421/7541.htm,官网表格按专业聚合,从招生单位官网拟录取名单按专业计算初试最低分。
2026,江西中医药大学护理学院,,护理,官网拟录取最低分,244,244,388,336.8,,5人，初试分范围 244-388,招生单位官网拟录取名单,https://yjsy.jxutcm.edu.cn/info/1022/21335.htm,官网表格按专业聚合,从招生单位官网拟录取名单按专业计算初试最低分。
2026,西南医科大学,,内科学,官网拟录取最低分,300,300,404,367.39,,61人，初试分范围 300-404,招生单位官网拟录取名单(WebFetch文本),https://yjs.swmu.edu.cn/info/1014/10839.htm,官网来源按专业聚合,从官网页面文本表格按专业计算初试最低分。
2026,西南医科大学,,康复医学与理疗学,官网拟录取最低分,294,294,367,333.5,,6人，初试分范围 294-367,招生单位官网拟录取名单(WebFetch文本),https://yjs.swmu.edu.cn/info/1014/10839.htm,官网来源按专业聚合,从官网页面文本表格按专业计算初试最低分。
2026,西南医科大学,,护理,官网拟录取最低分,308,308,360,336.43,,47人，初试分范围 308-360,招生单位官网拟录取名单(WebFetch文本),https://yjs.swmu.edu.cn/info/1014/10839.htm,官网来源按专业聚合,从官网页面文本表格按专业计算初试最低分。
2026,西南医科大学,,护理学,官网拟录取最低分,303,303,360,318.29,,14人，初试分范围 303-360,招生单位官网拟录取名单(WebFetch文本),https://yjs.swmu.edu.cn/info/1014/10839.htm,官网来源按专业聚合,从官网页面文本表格按专业计算初试最低分。
2026,西南医科大学,,放射肿瘤学,官网拟录取最低分,313,313,395,352.67,,6人，初试分范围 313-395,招生单位官网拟录取名单(WebFetch文本),https://yjs.swmu.edu.cn/info/1014/10839.htm,官网来源按专业聚合,从官网页面文本表格按专业计算初试最低分。
2026,西南医科大学,,法律（法学）,官网拟录取最低分,321,321,321,321.0,,1人，初试分范围 321-321,招生单位官网拟录取名单(WebFetch文本),https://yjs.swmu.edu.cn/info/1014/10839.htm,官网来源按专业聚合,从官网页面文本表格按专业计算初试最低分。
2026,西南医科大学,,法律（非法学）,官网拟录取最低分,293,293,293,293.0,,1人，初试分范围 293-293,招生单位官网拟录取名单(WebFetch文本),https://yjs.swmu.edu.cn/info/1014/10839.htm,官网来源按专业聚合,从官网页面文本表格按专业计算初试最低分。
2026,西南医科大学,,眼科学,官网拟录取最低分,334,334,404,369.57,,7人，初试分范围 334-404,招生单位官网拟录取名单(WebFetch文本),https://yjs.swmu.edu.cn/info/1014/10839.htm,官网来源按专业聚合,从官网页面文本表格按专业计算初试最低分。
2026,西南医科大学,,肿瘤学,官网拟录取最低分,299,299,384,351.86,,14人，初试分范围 299-384,招生单位官网拟录取名单(WebFetch文本),https://yjs.swmu.edu.cn/info/1014/10839.htm,官网来源按专业聚合,从官网页面文本表格按专业计算初试最低分。
2026,西南医科大学,,重症医学,官网拟录取最低分,356,356,372,362.0,,3人，初试分范围 356-372,招生单位官网拟录取名单(WebFetch文本),https://yjs.swmu.edu.cn/info/1014/10839.htm,官网来源按专业聚合,从官网页面文本表格按专业计算初试最低分。
2026,西南医科大学,,针灸推拿学,官网拟录取最低分,325,325,361,343.0,,2人，初试分范围 325-361,招生单位官网拟录取名单(WebFetch文本),https://yjs.swmu.edu.cn/info/1014/10839.htm,官网来源按专业聚合,从官网页面文本表格按专业计算初试最低分。
2026,西南医科大学,,麻醉学,官网拟录取最低分,297,297,416,366.36,,44人，初试分范围 297-416,招生单位官网拟录取名单(WebFetch文本),https://yjs.swmu.edu.cn/info/1014/10839.htm,官网来源按专业聚合,从官网页面文本表格按专业计算初试最低分。
2026,合肥工业大学,,交通运输,官网拟录取最低分,299,299,424,367.31,,32人，初试分范围 299-424,招生单位官网拟录取名单(WebFetch文本),http://yjszs.hfut.edu.cn/2026/0503/c13524a318955/page.htm,官网来源按专业聚合,从官网页面文本表格按专业计算初试最低分。
2026,合肥工业大学,,交通运输工程,官网拟录取最低分,275,275,362,324.77,,13人，初试分范围 275-362,招生单位官网拟录取名单(WebFetch文本),http://yjszs.hfut.edu.cn/2026/0503/c13524a318955/page.htm,官网来源按专业聚合,从官网页面文本表格按专业计算初试最低分。
2026,合肥工业大学,,人工智能,官网拟录取最低分,334,334,420,381.93,,131人，初试分范围 334-420,招生单位官网拟录取名单(WebFetch文本),http://yjszs.hfut.edu.cn/2026/0503/c13524a318955/page.htm,官网来源按专业聚合,从官网页面文本表格按专业计算初试最低分。
2026,合肥工业大学,,人工环境工程（含供热、通风及空调等）,官网拟录取最低分,293,293,385,341.23,,13人，初试分范围 293-385,招生单位官网拟录取名单(WebFetch文本),http://yjszs.hfut.edu.cn/2026/0503/c13524a318955/page.htm,官网来源按专业聚合,从官网页面文本表格按专业计算初试最低分。
2026,合肥工业大学,,仪器仪表工程,官网拟录取最低分,289,289,409,360.62,,146人，初试分范围 289-409,招生单位官网拟录取名单(WebFetch文本),http://yjszs.hfut.edu.cn/2026/0503/c13524a318955/page.htm,官网来源按专业聚合,从官网页面文本表格按专业计算初试最低分。
2026,合肥工业大学,,仪器科学与技术,官网拟录取最低分,303,303,391,340.22,,51人，初试分范围 303-391,招生单位官网拟录取名单(WebFetch文本),http://yjszs.hfut.edu.cn/2026/0503/c13524a318955/page.htm,官网来源按专业聚合,从官网页面文本表格按专业计算初试最低分。
2026,合肥工业大学,,会计,官网拟录取最低分,199,199,255,218.17,,36人，初试分范围 199-255,招生单位官网拟录取名单(WebFetch文本),http://yjszs.hfut.edu.cn/2026/0503/c13524a318955/page.htm,官网来源按专业聚合,从官网页面文本表格按专业计算初试最低分。
2026,合肥工业大学,,会计学,官网拟录取最低分,351,351,421,383.92,,13人，初试分范围 351-421,招生单位官网拟录取名单(WebFetch文本),http://yjszs.hfut.edu.cn/2026/0503/c13524a318955/page.htm,官网来源按专业聚合,从官网页面文本表格按专业计算初试最低分。
2026,合肥工业大学,,供热、供燃气、通风及空调工程,官网拟录取最低分,303,303,385,343.0,,4人，初试分范围 303-385,招生单位官网拟录取名单(WebFetch文本),http://yjszs.hfut.edu.cn/2026/0503/c13524a318955/page.htm,官网来源按专业聚合,从官网页面文本表格按专业计算初试最低分。
2026,合肥工业大学,,信息与通信工程,官网拟录取最低分,349,349,421,381.29,,28人，初试分范围 349-421,招生单位官网拟录取名单(WebFetch文本),http://yjszs.hfut.edu.cn/2026/0503/c13524a318955/page.htm,官网来源按专业聚合,从官网页面文本表格按专业计算初试最低分。
2026,合肥工业大学,,光学工程,官网拟录取最低分,270,270,392,343.86,,14人，初试分范围 270-392,招生单位官网拟录取名单(WebFetch文本),http://yjszs.hfut.edu.cn/2026/0503/c13524a318955/page.htm,官网来源按专业聚合,从官网页面文本表格按专业计算初试最低分。
2026,合肥工业大学,,光电信息工程,官网拟录取最低分,299,299,327,311.0,,4人，初试分范围 299-327,招生单位官网拟录取名单(WebFetch文本),http://yjszs.hfut.edu.cn/2026/0503/c13524a318955/page.htm,官网来源按专业聚合,从官网页面文本表格按专业计算初试最低分。
2026,合肥工业大学,,公共管理,官网拟录取最低分,168,168,244,189.73,,124人，初试分范围 168-244,招生单位官网拟录取名单(WebFetch文本),http://yjszs.hfut.edu.cn/2026/0503/c13524a318955/page.htm,官网来源按专业聚合,从官网页面文本表格按专业计算初试最低分。
2026,合肥工业大学,,制药工程,官网拟录取最低分,266,266,390,322.87,,31人，初试分范围 266-390,招生单位官网拟录取名单(WebFetch文本),http://yjszs.hfut.edu.cn/2026/0503/c13524a318955/page.htm,官网来源按专业聚合,从官网页面文本表格按专业计算初试最低分。
2026,合肥工业大学,,力学,官网拟录取最低分,321,321,397,351.71,,21人，初试分范围 321-397,招生单位官网拟录取名单(WebFetch文本),http://yjszs.hfut.edu.cn/2026/0503/c13524a318955/page.htm,官网来源按专业聚合,从官网页面文本表格按专业计算初试最低分。
2026,合肥工业大学,,动力工程,官网拟录取最低分,287,287,436,385.31,,48人，初试分范围 287-436,招生单位官网拟录取名单(WebFetch文本),http://yjszs.hfut.edu.cn/2026/0503/c13524a318955/page.htm,官网来源按专业聚合,从官网页面文本表格按专业计算初试最低分。
2026,合肥工业大学,,动力工程及工程热物理,官网拟录取最低分,264,264,399,330.83,,12人，初试分范围 264-399,招生单位官网拟录取名单(WebFetch文本),http://yjszs.hfut.edu.cn/2026/0503/c13524a318955/page.htm,官网来源按专业聚合,从官网页面文本表格按专业计算初试最低分。
2026,合肥工业大学,,化学,官网拟录取最低分,386,386,417,399.92,,13人，初试分范围 386-417,招生单位官网拟录取名单(WebFetch文本),http://yjszs.hfut.edu.cn/2026/0503/c13524a318955/page.htm,官网来源按专业聚合,从官网页面文本表格按专业计算初试最低分。
2026,合肥工业大学,,化学工程,官网拟录取最低分,335,335,428,376.75,,63人，初试分范围 335-428,招生单位官网拟录取名单(WebFetch文本),http://yjszs.hfut.edu.cn/2026/0503/c13524a318955/page.htm,官网来源按专业聚合,从官网页面文本表格按专业计算初试最低分。
2026,合肥工业大学,,化学工程与技术,官网拟录取最低分,344,344,403,367.41,,37人，初试分范围 344-403,招生单位官网拟录取名单(WebFetch文本),http://yjszs.hfut.edu.cn/2026/0503/c13524a318955/page.htm,官网来源按专业聚合,从官网页面文本表格按专业计算初试最低分。
2026,合肥工业大学,,国际商务,官网拟录取最低分,369,369,400,385.62,,8人，初试分范围 369-400,招生单位官网拟录取名单(WebFetch文本),http://yjszs.hfut.edu.cn/2026/0503/c13524a318955/page.htm,官网来源按专业聚合,从官网页面文本表格按专业计算初试最低分。
2026,合肥工业大学,,土木工程,官网拟录取最低分,301,301,421,359.84,,103人，初试分范围 301-421,招生单位官网拟录取名单(WebFetch文本),http://yjszs.hfut.edu.cn/2026/0503/c13524a318955/page.htm,官网来源按专业聚合,从官网页面文本表格按专业计算初试最低分。
2026,合肥工业大学,,地理学,官网拟录取最低分,337,337,411,372.62,,13人，初试分范围 337-411,招生单位官网拟录取名单(WebFetch文本),http://yjszs.hfut.edu.cn/2026/0503/c13524a318955/page.htm,官网来源按专业聚合,从官网页面文本表格按专业计算初试最低分。
2026,合肥工业大学,,地质学,官网拟录取最低分,305,305,413,349.9,,29人，初试分范围 305-413,招生单位官网拟录取名单(WebFetch文本),http://yjszs.hfut.edu.cn/2026/0503/c13524a318955/page.htm,官网来源按专业聚合,从官网页面文本表格按专业计算初试最低分。
2026,合肥工业大学,,地质工程,官网拟录取最低分,292,292,383,336.31,,13人，初试分范围 292-383,招生单位官网拟录取名单(WebFetch文本),http://yjszs.hfut.edu.cn/2026/0503/c13524a318955/page.htm,官网来源按专业聚合,从官网页面文本表格按专业计算初试最低分。
2026,合肥工业大学,,地质资源与地质工程,官网拟录取最低分,265,265,393,320.26,,19人，初试分范围 265-393,招生单位官网拟录取名单(WebFetch文本),http://yjszs.hfut.edu.cn/2026/0503/c13524a318955/page.htm,官网来源按专业聚合,从官网页面文本表格按专业计算初试最低分。
2026,合肥工业大学,,城乡规划学,官网拟录取最低分,304,304,410,359.33,,9人，初试分范围 304-410,招生单位官网拟录取名单(WebFetch文本),http://yjszs.hfut.edu.cn/2026/0503/c13524a318955/page.htm,官网来源按专业聚合,从官网页面文本表格按专业计算初试最低分。
2026,合肥工业大学,,外国语言学及应用语言学,官网拟录取最低分,389,389,402,396.0,,5人，初试分范围 389-402,招生单位官网拟录取名单(WebFetch文本),http://yjszs.hfut.edu.cn/2026/0503/c13524a318955/page.htm,官网来源按专业聚合,从官网页面文本表格按专业计算初试最低分。
2026,合肥工业大学,,岩土工程,官网拟录取最低分,274,274,353,304.0,,3人，初试分范围 274-353,招生单位官网拟录取名单(WebFetch文本),http://yjszs.hfut.edu.cn/2026/0503/c13524a318955/page.htm,官网来源按专业聚合,从官网页面文本表格按专业计算初试最低分。
2026,合肥工业大学,,工业工程,官网拟录取最低分,326,326,405,354.0,,5人，初试分范围 326-405,招生单位官网拟录取名单(WebFetch文本),http://yjszs.hfut.edu.cn/2026/0503/c13524a318955/page.htm,官网来源按专业聚合,从官网页面文本表格按专业计算初试最低分。
2026,合肥工业大学,,工业工程与管理,官网拟录取最低分,250,250,270,256.1,,10人，初试分范围 250-270,招生单位官网拟录取名单(WebFetch文本),http://yjszs.hfut.edu.cn/2026/0503/c13524a318955/page.htm,官网来源按专业聚合,从官网页面文本表格按专业计算初试最低分。
2026,合肥工业大学,,工业设计工程,官网拟录取最低分,382,382,432,401.8,,5人，初试分范围 382-432,招生单位官网拟录取名单(WebFetch文本),http://yjszs.hfut.edu.cn/2026/0503/c13524a318955/page.htm,官网来源按专业聚合,从官网页面文本表格按专业计算初试最低分。
2026,合肥工业大学,,工商管理,官网拟录取最低分,146,146,236,172.0,,313人，初试分范围 146-236,招生单位官网拟录取名单(WebFetch文本),http://yjszs.hfut.edu.cn/2026/0503/c13524a318955/page.htm,官网来源按专业聚合,从官网页面文本表格按专业计算初试最低分。
2026,合肥工业大学,,工商管理学,官网拟录取最低分,311,311,395,355.75,,32人，初试分范围 311-395,招生单位官网拟录取名单(WebFetch文本),http://yjszs.hfut.edu.cn/2026/0503/c13524a318955/page.htm,官网来源按专业聚合,从官网页面文本表格按专业计算初试最低分。
2026,合肥工业大学,,工程管理,官网拟录取最低分,166,166,236,185.78,,67人，初试分范围 166-236,招生单位官网拟录取名单(WebFetch文本),http://yjszs.hfut.edu.cn/2026/0503/c13524a318955/page.htm,官网来源按专业聚合,从官网页面文本表格按专业计算初试最低分。
2026,合肥工业大学,,市政工程,官网拟录取最低分,267,267,351,321.4,,5人，初试分范围 267-351,招生单位官网拟录取名单(WebFetch文本),http://yjszs.hfut.edu.cn/2026/0503/c13524a318955/page.htm,官网来源按专业聚合,从官网页面文本表格按专业计算初试最低分。
2026,合肥工业大学,,市政工程（含给排水等）,官网拟录取最低分,291,291,394,343.9,,10人，初试分范围 291-394,招生单位官网拟录取名单(WebFetch文本),http://yjszs.hfut.edu.cn/2026/0503/c13524a318955/page.htm,官网来源按专业聚合,从官网页面文本表格按专业计算初试最低分。
2026,合肥工业大学,,应用经济学,官网拟录取最低分,363,363,396,374.92,,12人，初试分范围 363-396,招生单位官网拟录取名单(WebFetch文本),http://yjszs.hfut.edu.cn/2026/0503/c13524a318955/page.htm,官网来源按专业聚合,从官网页面文本表格按专业计算初试最低分。
2026,合肥工业大学,,应用统计,官网拟录取最低分,332,332,393,354.42,,12人，初试分范围 332-393,招生单位官网拟录取名单(WebFetch文本),http://yjszs.hfut.edu.cn/2026/0503/c13524a318955/page.htm,官网来源按专业聚合,从官网页面文本表格按专业计算初试最低分。
2026,合肥工业大学,,建筑,官网拟录取最低分,330,330,399,357.13,,38人，初试分范围 330-399,招生单位官网拟录取名单(WebFetch文本),http://yjszs.hfut.edu.cn/2026/0503/c13524a318955/page.htm,官网来源按专业聚合,从官网页面文本表格按专业计算初试最低分。
2026,合肥工业大学,,建筑学,官网拟录取最低分,269,269,387,352.0,,12人，初试分范围 269-387,招生单位官网拟录取名单(WebFetch文本),http://yjszs.hfut.edu.cn/2026/0503/c13524a318955/page.htm,官网来源按专业聚合,从官网页面文本表格按专业计算初试最低分。
2026,合肥工业大学,,控制工程,官网拟录取最低分,327,327,445,402.48,,60人，初试分范围 327-445,招生单位官网拟录取名单(WebFetch文本),http://yjszs.hfut.edu.cn/2026/0503/c13524a318955/page.htm,官网来源按专业聚合,从官网页面文本表格按专业计算初试最低分。
2026,合肥工业大学,,控制科学与工程,官网拟录取最低分,355,355,419,382.67,,18人，初试分范围 355-419,招生单位官网拟录取名单(WebFetch文本),http://yjszs.hfut.edu.cn/2026/0503/c13524a318955/page.htm,官网来源按专业聚合,从官网页面文本表格按专业计算初试最低分。
2026,合肥工业大学,,数学,官网拟录取最低分,320,320,397,354.48,,50人，初试分范围 320-397,招生单位官网拟录取名单(WebFetch文本),http://yjszs.hfut.edu.cn/2026/0503/c13524a318955/page.htm,官网来源按专业聚合,从官网页面文本表格按专业计算初试最低分。
2026,合肥工业大学,,新一代电子信息技术（含量子技术等）,官网拟录取最低分,279,279,418,358.86,,146人，初试分范围 279-418,招生单位官网拟录取名单(WebFetch文本),http://yjszs.hfut.edu.cn/2026/0503/c13524a318955/page.htm,官网来源按专业聚合,从官网页面文本表格按专业计算初试最低分。
2026,合肥工业大学,,新闻与传播,官网拟录取最低分,356,356,411,375.06,,16人，初试分范围 356-411,招生单位官网拟录取名单(WebFetch文本),http://yjszs.hfut.edu.cn/2026/0503/c13524a318955/page.htm,官网来源按专业聚合,从官网页面文本表格按专业计算初试最低分。
2026,合肥工业大学,,智能建造,官网拟录取最低分,314,314,318,316.0,,2人，初试分范围 314-318,招生单位官网拟录取名单(WebFetch文本),http://yjszs.hfut.edu.cn/2026/0503/c13524a318955/page.htm,官网来源按专业聚合,从官网页面文本表格按专业计算初试最低分。
2026,合肥工业大学,,机械,官网拟录取最低分,265,265,349,300.07,,14人，初试分范围 265-349,招生单位官网拟录取名单(WebFetch文本),http://yjszs.hfut.edu.cn/2026/0503/c13524a318955/page.htm,官网来源按专业聚合,从官网页面文本表格按专业计算初试最低分。
2026,合肥工业大学,,机械制造及其自动化,官网拟录取最低分,356,356,393,370.19,,16人，初试分范围 356-393,招生单位官网拟录取名单(WebFetch文本),http://yjszs.hfut.edu.cn/2026/0503/c13524a318955/page.htm,官网来源按专业聚合,从官网页面文本表格按专业计算初试最低分。
2026,合肥工业大学,,机械工程,官网拟录取最低分,237,237,434,391.52,,147人，初试分范围 237-434,招生单位官网拟录取名单(WebFetch文本),http://yjszs.hfut.edu.cn/2026/0503/c13524a318955/page.htm,官网来源按专业聚合,从官网页面文本表格按专业计算初试最低分。
2026,合肥工业大学,,机械电子工程,官网拟录取最低分,342,342,392,364.94,,16人，初试分范围 342-392,招生单位官网拟录取名单(WebFetch文本),http://yjszs.hfut.edu.cn/2026/0503/c13524a318955/page.htm,官网来源按专业聚合,从官网页面文本表格按专业计算初试最低分。
2026,合肥工业大学,,机械设计及理论,官网拟录取最低分,328,328,389,350.64,,25人，初试分范围 328-389,招生单位官网拟录取名单(WebFetch文本),http://yjszs.hfut.edu.cn/2026/0503/c13524a318955/page.htm,官网来源按专业聚合,从官网页面文本表格按专业计算初试最低分。
2026,合肥工业大学,,材料与化工,官网拟录取最低分,269,269,355,302.75,,8人，初试分范围 269-355,招生单位官网拟录取名单(WebFetch文本),http://yjszs.hfut.edu.cn/2026/0503/c13524a318955/page.htm,官网来源按专业聚合,从官网页面文本表格按专业计算初试最低分。
2026,合肥工业大学,,材料学,官网拟录取最低分,292,292,357,328.67,,15人，初试分范围 292-357,招生单位官网拟录取名单(WebFetch文本),http://yjszs.hfut.edu.cn/2026/0503/c13524a318955/page.htm,官网来源按专业聚合,从官网页面文本表格按专业计算初试最低分。
2026,合肥工业大学,,材料工程,官网拟录取最低分,284,284,404,351.96,,195人，初试分范围 284-404,招生单位官网拟录取名单(WebFetch文本),http://yjszs.hfut.edu.cn/2026/0503/c13524a318955/page.htm,官网来源按专业聚合,从官网页面文本表格按专业计算初试最低分。
2026,合肥工业大学,,材料科学与工程,官网拟录取最低分,323,323,399,360.58,,52人，初试分范围 323-399,招生单位官网拟录取名单(WebFetch文本),http://yjszs.hfut.edu.cn/2026/0503/c13524a318955/page.htm,官网来源按专业聚合,从官网页面文本表格按专业计算初试最低分。
2026,合肥工业大学,,桥梁与隧道工程,官网拟录取最低分,293,293,344,310.14,,7人，初试分范围 293-344,招生单位官网拟录取名单(WebFetch文本),http://yjszs.hfut.edu.cn/2026/0503/c13524a318955/page.htm,官网来源按专业聚合,从官网页面文本表格按专业计算初试最低分。
2026,合肥工业大学,,水利工程,官网拟录取最低分,273,273,404,345.06,,32人，初试分范围 273-404,招生单位官网拟录取名单(WebFetch文本),http://yjszs.hfut.edu.cn/2026/0503/c13524a318955/page.htm,官网来源按专业聚合,从官网页面文本表格按专业计算初试最低分。
2026,合肥工业大学,,法学,官网拟录取最低分,332,332,392,358.5,,6人，初试分范围 332-392,招生单位官网拟录取名单(WebFetch文本),http://yjszs.hfut.edu.cn/2026/0503/c13524a318955/page.htm,官网来源按专业聚合,从官网页面文本表格按专业计算初试最低分。
2026,合肥工业大学,,法律（法学）,官网拟录取最低分,329,329,367,348.15,,13人，初试分范围 329-367,招生单位官网拟录取名单(WebFetch文本),http://yjszs.hfut.edu.cn/2026/0503/c13524a318955/page.htm,官网来源按专业聚合,从官网页面文本表格按专业计算初试最低分。
2026,合肥工业大学,,法律（非法学）,官网拟录取最低分,321,321,342,332.85,,13人，初试分范围 321-342,招生单位官网拟录取名单(WebFetch文本),http://yjszs.hfut.edu.cn/2026/0503/c13524a318955/page.htm,官网来源按专业聚合,从官网页面文本表格按专业计算初试最低分。
2026,合肥工业大学,,流体机械及工程,官网拟录取最低分,251,251,378,315.75,,16人，初试分范围 251-378,招生单位官网拟录取名单(WebFetch文本),http://yjszs.hfut.edu.cn/2026/0503/c13524a318955/page.htm,官网来源按专业聚合,从官网页面文本表格按专业计算初试最低分。
2026,合肥工业大学,,测绘工程,官网拟录取最低分,336,336,409,364.0,,7人，初试分范围 336-409,招生单位官网拟录取名单(WebFetch文本),http://yjszs.hfut.edu.cn/2026/0503/c13524a318955/page.htm,官网来源按专业聚合,从官网页面文本表格按专业计算初试最低分。
2026,合肥工业大学,,测绘科学与技术,官网拟录取最低分,295,295,342,315.8,,5人，初试分范围 295-342,招生单位官网拟录取名单(WebFetch文本),http://yjszs.hfut.edu.cn/2026/0503/c13524a318955/page.htm,官网来源按专业聚合,从官网页面文本表格按专业计算初试最低分。
2026,合肥工业大学,,物流工程与管理,官网拟录取最低分,246,246,271,256.22,,23人，初试分范围 246-271,招生单位官网拟录取名单(WebFetch文本),http://yjszs.hfut.edu.cn/2026/0503/c13524a318955/page.htm,官网来源按专业聚合,从官网页面文本表格按专业计算初试最低分。
2026,合肥工业大学,,物理学,官网拟录取最低分,328,328,390,363.64,,25人，初试分范围 328-390,招生单位官网拟录取名单(WebFetch文本),http://yjszs.hfut.edu.cn/2026/0503/c13524a318955/page.htm,官网来源按专业聚合,从官网页面文本表格按专业计算初试最低分。
2026,合肥工业大学,,环保装备及工程,官网拟录取最低分,319,319,319,319.0,,1人，初试分范围 319-319,招生单位官网拟录取名单(WebFetch文本),http://yjszs.hfut.edu.cn/2026/0503/c13524a318955/page.htm,官网来源按专业聚合,从官网页面文本表格按专业计算初试最低分。
2026,合肥工业大学,,环境工程,官网拟录取最低分,273,273,408,355.5,,56人，初试分范围 273-408,招生单位官网拟录取名单(WebFetch文本),http://yjszs.hfut.edu.cn/2026/0503/c13524a318955/page.htm,官网来源按专业聚合,从官网页面文本表格按专业计算初试最低分。
2026,合肥工业大学,,环境科学与工程,官网拟录取最低分,302,302,371,338.19,,16人，初试分范围 302-371,招生单位官网拟录取名单(WebFetch文本),http://yjszs.hfut.edu.cn/2026/0503/c13524a318955/page.htm,官网来源按专业聚合,从官网页面文本表格按专业计算初试最低分。
2026,合肥工业大学,,理论经济学,官网拟录取最低分,351,351,414,371.0,,9人，初试分范围 351-414,招生单位官网拟录取名单(WebFetch文本),http://yjszs.hfut.edu.cn/2026/0503/c13524a318955/page.htm,官网来源按专业聚合,从官网页面文本表格按专业计算初试最低分。
2026,合肥工业大学,,生物医学工程,官网拟录取最低分,310,310,382,339.36,,11人，初试分范围 310-382,招生单位官网拟录取名单(WebFetch文本),http://yjszs.hfut.edu.cn/2026/0503/c13524a318955/page.htm,官网来源按专业聚合,从官网页面文本表格按专业计算初试最低分。
2026,合肥工业大学,,生物学,官网拟录取最低分,352,352,419,381.28,,18人，初试分范围 352-419,招生单位官网拟录取名单(WebFetch文本),http://yjszs.hfut.edu.cn/2026/0503/c13524a318955/page.htm,官网来源按专业聚合,从官网页面文本表格按专业计算初试最低分。
2026,合肥工业大学,,生物技术与工程,官网拟录取最低分,297,297,384,333.78,,18人，初试分范围 297-384,招生单位官网拟录取名单(WebFetch文本),http://yjszs.hfut.edu.cn/2026/0503/c13524a318955/page.htm,官网来源按专业聚合,从官网页面文本表格按专业计算初试最低分。
2026,合肥工业大学,,电子信息,官网拟录取最低分,267,267,383,310.15,,20人，初试分范围 267-383,招生单位官网拟录取名单(WebFetch文本),http://yjszs.hfut.edu.cn/2026/0503/c13524a318955/page.htm,官网来源按专业聚合,从官网页面文本表格按专业计算初试最低分。
2026,合肥工业大学,,电子科学与技术,官网拟录取最低分,341,341,402,364.5,,16人，初试分范围 341-402,招生单位官网拟录取名单(WebFetch文本),http://yjszs.hfut.edu.cn/2026/0503/c13524a318955/page.htm,官网来源按专业聚合,从官网页面文本表格按专业计算初试最低分。
2026,合肥工业大学,,电气工程,官网拟录取最低分,348,348,439,398.16,,171人，初试分范围 348-439,招生单位官网拟录取名单(WebFetch文本),http://yjszs.hfut.edu.cn/2026/0503/c13524a318955/page.htm,官网来源按专业聚合,从官网页面文本表格按专业计算初试最低分。
2026,合肥工业大学,,社会工作,官网拟录取最低分,356,356,401,372.45,,22人，初试分范围 356-401,招生单位官网拟录取名单(WebFetch文本),http://yjszs.hfut.edu.cn/2026/0503/c13524a318955/page.htm,官网来源按专业聚合,从官网页面文本表格按专业计算初试最低分。
2026,合肥工业大学,,管理科学与工程,官网拟录取最低分,344,344,407,377.2,,55人，初试分范围 344-407,招生单位官网拟录取名单(WebFetch文本),http://yjszs.hfut.edu.cn/2026/0503/c13524a318955/page.htm,官网来源按专业聚合,从官网页面文本表格按专业计算初试最低分。
2026,合肥工业大学,,结构工程,官网拟录取最低分,283,283,385,333.87,,15人，初试分范围 283-385,招生单位官网拟录取名单(WebFetch文本),http://yjszs.hfut.edu.cn/2026/0503/c13524a318955/page.htm,官网来源按专业聚合,从官网页面文本表格按专业计算初试最低分。
2026,合肥工业大学,,网络与信息安全,官网拟录取最低分,276,276,356,312.05,,20人，初试分范围 276-356,招生单位官网拟录取名单(WebFetch文本),http://yjszs.hfut.edu.cn/2026/0503/c13524a318955/page.htm,官网来源按专业聚合,从官网页面文本表格按专业计算初试最低分。
2026,合肥工业大学,,能源动力,官网拟录取最低分,273,273,405,324.84,,25人，初试分范围 273-405,招生单位官网拟录取名单(WebFetch文本),http://yjszs.hfut.edu.cn/2026/0503/c13524a318955/page.htm,官网来源按专业聚合,从官网页面文本表格按专业计算初试最低分。
2026,合肥工业大学,,艺术学,官网拟录取最低分,383,383,399,389.33,,3人，初试分范围 383-399,招生单位官网拟录取名单(WebFetch文本),http://yjszs.hfut.edu.cn/2026/0503/c13524a318955/page.htm,官网来源按专业聚合,从官网页面文本表格按专业计算初试最低分。
2026,合肥工业大学,,英语笔译,官网拟录取最低分,347,347,409,376.17,,35人，初试分范围 347-409,招生单位官网拟录取名单(WebFetch文本),http://yjszs.hfut.edu.cn/2026/0503/c13524a318955/page.htm,官网来源按专业聚合,从官网页面文本表格按专业计算初试最低分。
2026,合肥工业大学,,英语语言文学,官网拟录取最低分,387,387,417,395.6,,5人，初试分范围 387-417,招生单位官网拟录取名单(WebFetch文本),http://yjszs.hfut.edu.cn/2026/0503/c13524a318955/page.htm,官网来源按专业聚合,从官网页面文本表格按专业计算初试最低分。
2026,合肥工业大学,,药学,官网拟录取最低分,371,371,418,387.3,,10人，初试分范围 371-418,招生单位官网拟录取名单(WebFetch文本),http://yjszs.hfut.edu.cn/2026/0503/c13524a318955/page.htm,官网来源按专业聚合,从官网页面文本表格按专业计算初试最低分。
2026,合肥工业大学,,计算机技术,官网拟录取最低分,320,320,411,380.18,,93人，初试分范围 320-411,招生单位官网拟录取名单(WebFetch文本),http://yjszs.hfut.edu.cn/2026/0503/c13524a318955/page.htm,官网来源按专业聚合,从官网页面文本表格按专业计算初试最低分。
2026,合肥工业大学,,计算机科学与技术,官网拟录取最低分,340,340,409,367.18,,55人，初试分范围 340-409,招生单位官网拟录取名单(WebFetch文本),http://yjszs.hfut.edu.cn/2026/0503/c13524a318955/page.htm,官网来源按专业聚合,从官网页面文本表格按专业计算初试最低分。
2026,合肥工业大学,,设计,官网拟录取最低分,354,354,401,370.42,,26人，初试分范围 354-401,招生单位官网拟录取名单(WebFetch文本),http://yjszs.hfut.edu.cn/2026/0503/c13524a318955/page.htm,官网来源按专业聚合,从官网页面文本表格按专业计算初试最低分。
2026,合肥工业大学,,设计学,官网拟录取最低分,346,346,396,372.38,,8人，初试分范围 346-396,招生单位官网拟录取名单(WebFetch文本),http://yjszs.hfut.edu.cn/2026/0503/c13524a318955/page.htm,官网来源按专业聚合,从官网页面文本表格按专业计算初试最低分。
2026,合肥工业大学,,资源与环境,官网拟录取最低分,264,264,392,308.6,,5人，初试分范围 264-392,招生单位官网拟录取名单(WebFetch文本),http://yjszs.hfut.edu.cn/2026/0503/c13524a318955/page.htm,官网来源按专业聚合,从官网页面文本表格按专业计算初试最低分。
2026,合肥工业大学,,车辆工程,官网拟录取最低分,341,341,423,384.88,,84人，初试分范围 341-423,招生单位官网拟录取名单(WebFetch文本),http://yjszs.hfut.edu.cn/2026/0503/c13524a318955/page.htm,官网来源按专业聚合,从官网页面文本表格按专业计算初试最低分。
2026,合肥工业大学,,软件工程,官网拟录取最低分,272,272,444,316.5,,20人，初试分范围 272-444,招生单位官网拟录取名单(WebFetch文本),http://yjszs.hfut.edu.cn/2026/0503/c13524a318955/page.htm,官网来源按专业聚合,从官网页面文本表格按专业计算初试最低分。
2026,合肥工业大学,,通信工程（含宽带网络、移动通信等）,官网拟录取最低分,375,375,446,405.98,,63人，初试分范围 375-446,招生单位官网拟录取名单(WebFetch文本),http://yjszs.hfut.edu.cn/2026/0503/c13524a318955/page.htm,官网来源按专业聚合,从官网页面文本表格按专业计算初试最低分。
2026,合肥工业大学,,道路与铁道工程,官网拟录取最低分,283,283,331,302.33,,3人，初试分范围 283-331,招生单位官网拟录取名单(WebFetch文本),http://yjszs.hfut.edu.cn/2026/0503/c13524a318955/page.htm,官网来源按专业聚合,从官网页面文本表格按专业计算初试最低分。
2026,合肥工业大学,,道路交通运输,官网拟录取最低分,342,342,400,370.57,,7人，初试分范围 342-400,招生单位官网拟录取名单(WebFetch文本),http://yjszs.hfut.edu.cn/2026/0503/c13524a318955/page.htm,官网来源按专业聚合,从官网页面文本表格按专业计算初试最低分。
2026,合肥工业大学,,金融,官网拟录取最低分,365,365,422,386.57,,46人，初试分范围 365-422,招生单位官网拟录取名单(WebFetch文本),http://yjszs.hfut.edu.cn/2026/0503/c13524a318955/page.htm,官网来源按专业聚合,从官网页面文本表格按专业计算初试最低分。
2026,合肥工业大学,,集成电路与系统,官网拟录取最低分,304,304,386,360.5,,22人，初试分范围 304-386,招生单位官网拟录取名单(WebFetch文本),http://yjszs.hfut.edu.cn/2026/0503/c13524a318955/page.htm,官网来源按专业聚合,从官网页面文本表格按专业计算初试最低分。
2026,合肥工业大学,,集成电路工程,官网拟录取最低分,267,267,347,306.27,,15人，初试分范围 267-347,招生单位官网拟录取名单(WebFetch文本),http://yjszs.hfut.edu.cn/2026/0503/c13524a318955/page.htm,官网来源按专业聚合,从官网页面文本表格按专业计算初试最低分。
2026,合肥工业大学,,项目管理,官网拟录取最低分,166,166,220,190.52,,21人，初试分范围 166-220,招生单位官网拟录取名单(WebFetch文本),http://yjszs.hfut.edu.cn/2026/0503/c13524a318955/page.htm,官网来源按专业聚合,从官网页面文本表格按专业计算初试最低分。
2026,合肥工业大学,,风景园林,官网拟录取最低分,334,334,383,358.91,,11人，初试分范围 334-383,招生单位官网拟录取名单(WebFetch文本),http://yjszs.hfut.edu.cn/2026/0503/c13524a318955/page.htm,官网来源按专业聚合,从官网页面文本表格按专业计算初试最低分。
2026,合肥工业大学,,食品工程,官网拟录取最低分,276,276,412,358.03,,95人，初试分范围 276-412,招生单位官网拟录取名单(WebFetch文本),http://yjszs.hfut.edu.cn/2026/0503/c13524a318955/page.htm,官网来源按专业聚合,从官网页面文本表格按专业计算初试最低分。
2026,合肥工业大学,,食品科学与工程,官网拟录取最低分,350,350,418,373.5,,16人，初试分范围 350-418,招生单位官网拟录取名单(WebFetch文本),http://yjszs.hfut.edu.cn/2026/0503/c13524a318955/page.htm,官网来源按专业聚合,从官网页面文本表格按专业计算初试最低分。
2026,合肥工业大学,,马克思主义理论,官网拟录取最低分,341,341,397,363.88,,49人，初试分范围 341-397,招生单位官网拟录取名单(WebFetch文本),http://yjszs.hfut.edu.cn/2026/0503/c13524a318955/page.htm,官网来源按专业聚合,从官网页面文本表格按专业计算初试最低分。
2026,天津理工大学计算机科学与工程学院,,人工智能,官网拟录取最低分,316,316,383,336.88,,42人，初试分范围 316-383,招生单位官网拟录取名单(WebFetch文本),https://cs.tjut.edu.cn/info/1062/2829.htm,官网来源按专业聚合,从官网页面文本表格按专业计算初试最低分。
2026,天津理工大学计算机科学与工程学院,,低空技术与工程,官网拟录取最低分,271,271,271,271.0,,1人，初试分范围 271-271,招生单位官网拟录取名单(WebFetch文本),https://cs.tjut.edu.cn/info/1062/2829.htm,官网来源按专业聚合,从官网页面文本表格按专业计算初试最低分。
2026,天津理工大学计算机科学与工程学院,,网络空间安全,官网拟录取最低分,266,266,326,285.0,,4人，初试分范围 266-326,招生单位官网拟录取名单(WebFetch文本),https://cs.tjut.edu.cn/info/1062/2829.htm,官网来源按专业聚合,从官网页面文本表格按专业计算初试最低分。
2026,天津理工大学计算机科学与工程学院,,计算机技术,官网拟录取最低分,312,312,400,339.65,,106人，初试分范围 312-400,招生单位官网拟录取名单(WebFetch文本),https://cs.tjut.edu.cn/info/1062/2829.htm,官网来源按专业聚合,从官网页面文本表格按专业计算初试最低分。
2026,天津理工大学计算机科学与工程学院,,计算机科学与技术,官网拟录取最低分,275,275,347,304.61,,23人，初试分范围 275-347,招生单位官网拟录取名单(WebFetch文本),https://cs.tjut.edu.cn/info/1062/2829.htm,官网来源按专业聚合,从官网页面文本表格按专业计算初试最低分。
2026,天津理工大学计算机科学与工程学院,,软件工程,官网拟录取最低分,269,269,269,269.0,,1人，初试分范围 269-269,招生单位官网拟录取名单(WebFetch文本),https://cs.tjut.edu.cn/info/1062/2829.htm,官网来源按专业聚合,从官网页面文本表格按专业计算初试最低分。
2026,北京国家会计学院,,会计,官网拟录取最低分,228,228,263,245.98,,58人，初试分范围 228-263,招生单位官网拟录取名单PDF,https://www.nai.edu.cn/uploadfile/2026/0331/20260331045102214.pdf,官网来源按专业聚合,从官网 PDF 按专业段落计算初试最低分。
2026,北京国家会计学院,,审计,官网拟录取最低分,235,235,272,245.22,,36人，初试分范围 235-272,招生单位官网拟录取名单PDF,https://www.nai.edu.cn/uploadfile/2026/0331/20260331045102214.pdf,官网来源按专业聚合,从官网 PDF 按专业段落计算初试最低分。
2026,北京国家会计学院,,税务,官网拟录取最低分,333,333,405,360.94,,33人，初试分范围 333-405,招生单位官网拟录取名单PDF,https://www.nai.edu.cn/uploadfile/2026/0331/20260331045102214.pdf,官网来源按专业聚合,从官网 PDF 按专业段落计算初试最低分。
2026,北京国家会计学院,,金融,官网拟录取最低分,324,324,395,356.96,,48人，初试分范围 324-395,招生单位官网拟录取名单PDF,https://www.nai.edu.cn/uploadfile/2026/0331/20260331045102214.pdf,官网来源按专业聚合,从官网 PDF 按专业段落计算初试最低分。
2026,北京大学医学部,,045400 应用心理,官网拟录取最低分,393,393,419,406.0,,2人，初试分范围 393-419,招生单位官网拟录取名单PDF(WebFetch文本),https://yjsy.bjmu.edu.cn/docs/2026-04/296b738c12d741eb8849becb5aafbca0.pdf,官网来源按专业聚合,从北京大学医学部 PDF 文本按专业/方向计算初试最低分。
2026,北京大学医学部,,100103 病原生物学,官网拟录取最低分,401,401,401,401.0,,1人，初试分范围 401-401,招生单位官网拟录取名单PDF(WebFetch文本),https://yjsy.bjmu.edu.cn/docs/2026-04/296b738c12d741eb8849becb5aafbca0.pdf,官网来源按专业聚合,从北京大学医学部 PDF 文本按专业/方向计算初试最低分。
2026,北京大学医学部,,100201 内科学,官网拟录取最低分,322,322,407,358.62,,13人，初试分范围 322-407,招生单位官网拟录取名单PDF(WebFetch文本),https://yjsy.bjmu.edu.cn/docs/2026-04/296b738c12d741eb8849becb5aafbca0.pdf,官网来源按专业聚合,从北京大学医学部 PDF 文本按专业/方向计算初试最低分。
2026,北京大学医学部,,100202 儿科学,官网拟录取最低分,312,312,393,355.75,,4人，初试分范围 312-393,招生单位官网拟录取名单PDF(WebFetch文本),https://yjsy.bjmu.edu.cn/docs/2026-04/296b738c12d741eb8849becb5aafbca0.pdf,官网来源按专业聚合,从北京大学医学部 PDF 文本按专业/方向计算初试最低分。
2026,北京大学医学部,,100203 老年医学,官网拟录取最低分,355,355,355,355.0,,1人，初试分范围 355-355,招生单位官网拟录取名单PDF(WebFetch文本),https://yjsy.bjmu.edu.cn/docs/2026-04/296b738c12d741eb8849becb5aafbca0.pdf,官网来源按专业聚合,从北京大学医学部 PDF 文本按专业/方向计算初试最低分。
2026,北京大学医学部,,100205 精神病与精神卫生学,官网拟录取最低分,345,345,374,363.0,,5人，初试分范围 345-374,招生单位官网拟录取名单PDF(WebFetch文本),https://yjsy.bjmu.edu.cn/docs/2026-04/296b738c12d741eb8849becb5aafbca0.pdf,官网来源按专业聚合,从北京大学医学部 PDF 文本按专业/方向计算初试最低分。
2026,北京大学医学部,,100207 影像医学与核医学,官网拟录取最低分,312,312,373,351.67,,3人，初试分范围 312-373,招生单位官网拟录取名单PDF(WebFetch文本),https://yjsy.bjmu.edu.cn/docs/2026-04/296b738c12d741eb8849becb5aafbca0.pdf,官网来源按专业聚合,从北京大学医学部 PDF 文本按专业/方向计算初试最低分。
2026,北京大学医学部,,100208 临床检验诊断学,官网拟录取最低分,347,347,383,369.57,,7人，初试分范围 347-383,招生单位官网拟录取名单PDF(WebFetch文本),https://yjsy.bjmu.edu.cn/docs/2026-04/296b738c12d741eb8849becb5aafbca0.pdf,官网来源按专业聚合,从北京大学医学部 PDF 文本按专业/方向计算初试最低分。
2026,北京大学医学部,,100210 外科学,官网拟录取最低分,312,312,403,358.64,,14人，初试分范围 312-403,招生单位官网拟录取名单PDF(WebFetch文本),https://yjsy.bjmu.edu.cn/docs/2026-04/296b738c12d741eb8849becb5aafbca0.pdf,官网来源按专业聚合,从北京大学医学部 PDF 文本按专业/方向计算初试最低分。
2026,北京大学医学部,,100211 妇产科学,官网拟录取最低分,336,336,387,360.56,,9人，初试分范围 336-387,招生单位官网拟录取名单PDF(WebFetch文本),https://yjsy.bjmu.edu.cn/docs/2026-04/296b738c12d741eb8849becb5aafbca0.pdf,官网来源按专业聚合,从北京大学医学部 PDF 文本按专业/方向计算初试最低分。
2026,北京大学医学部,,100212 眼科学,官网拟录取最低分,338,338,375,356.5,,2人，初试分范围 338-375,招生单位官网拟录取名单PDF(WebFetch文本),https://yjsy.bjmu.edu.cn/docs/2026-04/296b738c12d741eb8849becb5aafbca0.pdf,官网来源按专业聚合,从北京大学医学部 PDF 文本按专业/方向计算初试最低分。
2026,北京大学医学部,,100214 肿瘤学,官网拟录取最低分,331,331,407,383.22,,9人，初试分范围 331-407,招生单位官网拟录取名单PDF(WebFetch文本),https://yjsy.bjmu.edu.cn/docs/2026-04/296b738c12d741eb8849becb5aafbca0.pdf,官网来源按专业聚合,从北京大学医学部 PDF 文本按专业/方向计算初试最低分。
2026,北京大学医学部,,100216 运动医学,官网拟录取最低分,338,338,411,374.5,,2人，初试分范围 338-411,招生单位官网拟录取名单PDF(WebFetch文本),https://yjsy.bjmu.edu.cn/docs/2026-04/296b738c12d741eb8849becb5aafbca0.pdf,官网来源按专业聚合,从北京大学医学部 PDF 文本按专业/方向计算初试最低分。
2026,北京大学医学部,,100218 急诊医学,官网拟录取最低分,367,367,367,367.0,,1人，初试分范围 367-367,招生单位官网拟录取名单PDF(WebFetch文本),https://yjsy.bjmu.edu.cn/docs/2026-04/296b738c12d741eb8849becb5aafbca0.pdf,官网来源按专业聚合,从北京大学医学部 PDF 文本按专业/方向计算初试最低分。
2026,北京大学医学部,,100602 中西医结合临床,官网拟录取最低分,384,384,385,384.5,,2人，初试分范围 384-385,招生单位官网拟录取名单PDF(WebFetch文本),https://yjsy.bjmu.edu.cn/docs/2026-04/296b738c12d741eb8849becb5aafbca0.pdf,官网来源按专业聚合,从北京大学医学部 PDF 文本按专业/方向计算初试最低分。
2026,北京大学医学部,,100706 药理学,官网拟录取最低分,343,343,343,343.0,,1人，初试分范围 343-343,招生单位官网拟录取名单PDF(WebFetch文本),https://yjsy.bjmu.edu.cn/docs/2026-04/296b738c12d741eb8849becb5aafbca0.pdf,官网来源按专业聚合,从北京大学医学部 PDF 文本按专业/方向计算初试最低分。
2026,北京大学医学部,,101100 护理学,官网拟录取最低分,328,328,328,328.0,,1人，初试分范围 328-328,招生单位官网拟录取名单PDF(WebFetch文本),https://yjsy.bjmu.edu.cn/docs/2026-04/296b738c12d741eb8849becb5aafbca0.pdf,官网来源按专业聚合,从北京大学医学部 PDF 文本按专业/方向计算初试最低分。
2026,北京大学医学部,,105101 内科学,官网拟录取最低分,375,375,427,405.83,,30人，初试分范围 375-427,招生单位官网拟录取名单PDF(WebFetch文本),https://yjsy.bjmu.edu.cn/docs/2026-04/296b738c12d741eb8849becb5aafbca0.pdf,官网来源按专业聚合,从北京大学医学部 PDF 文本按专业/方向计算初试最低分。
2026,北京大学医学部,,105102 儿科学,官网拟录取最低分,382,382,423,396.5,,8人，初试分范围 382-423,招生单位官网拟录取名单PDF(WebFetch文本),https://yjsy.bjmu.edu.cn/docs/2026-04/296b738c12d741eb8849becb5aafbca0.pdf,官网来源按专业聚合,从北京大学医学部 PDF 文本按专业/方向计算初试最低分。
2026,北京大学医学部,,105103 老年医学,官网拟录取最低分,392,392,401,396.5,,2人，初试分范围 392-401,招生单位官网拟录取名单PDF(WebFetch文本),https://yjsy.bjmu.edu.cn/docs/2026-04/296b738c12d741eb8849becb5aafbca0.pdf,官网来源按专业聚合,从北京大学医学部 PDF 文本按专业/方向计算初试最低分。
2026,北京大学医学部,,105104 神经病学,官网拟录取最低分,373,373,402,387.5,,2人，初试分范围 373-402,招生单位官网拟录取名单PDF(WebFetch文本),https://yjsy.bjmu.edu.cn/docs/2026-04/296b738c12d741eb8849becb5aafbca0.pdf,官网来源按专业聚合,从北京大学医学部 PDF 文本按专业/方向计算初试最低分。
2026,北京大学医学部,,105105 精神病与精神卫生学,官网拟录取最低分,383,383,428,405.83,,12人，初试分范围 383-428,招生单位官网拟录取名单PDF(WebFetch文本),https://yjsy.bjmu.edu.cn/docs/2026-04/296b738c12d741eb8849becb5aafbca0.pdf,官网来源按专业聚合,从北京大学医学部 PDF 文本按专业/方向计算初试最低分。
2026,北京大学医学部,,105106 皮肤病与性病学,官网拟录取最低分,391,391,410,404.25,,4人，初试分范围 391-410,招生单位官网拟录取名单PDF(WebFetch文本),https://yjsy.bjmu.edu.cn/docs/2026-04/296b738c12d741eb8849becb5aafbca0.pdf,官网来源按专业聚合,从北京大学医学部 PDF 文本按专业/方向计算初试最低分。
2026,北京大学医学部,,105107 急诊医学,官网拟录取最低分,385,385,413,393.0,,4人，初试分范围 385-413,招生单位官网拟录取名单PDF(WebFetch文本),https://yjsy.bjmu.edu.cn/docs/2026-04/296b738c12d741eb8849becb5aafbca0.pdf,官网来源按专业聚合,从北京大学医学部 PDF 文本按专业/方向计算初试最低分。
2026,北京大学医学部,,105108 重症医学,官网拟录取最低分,366,366,427,395.5,,6人，初试分范围 366-427,招生单位官网拟录取名单PDF(WebFetch文本),https://yjsy.bjmu.edu.cn/docs/2026-04/296b738c12d741eb8849becb5aafbca0.pdf,官网来源按专业聚合,从北京大学医学部 PDF 文本按专业/方向计算初试最低分。
2026,北京大学医学部,,105109 全科医学,官网拟录取最低分,359,359,409,381.25,,4人，初试分范围 359-409,招生单位官网拟录取名单PDF(WebFetch文本),https://yjsy.bjmu.edu.cn/docs/2026-04/296b738c12d741eb8849becb5aafbca0.pdf,官网来源按专业聚合,从北京大学医学部 PDF 文本按专业/方向计算初试最低分。
2026,北京大学医学部,,105110 康复医学与理疗学,官网拟录取最低分,384,384,384,384.0,,1人，初试分范围 384-384,招生单位官网拟录取名单PDF(WebFetch文本),https://yjsy.bjmu.edu.cn/docs/2026-04/296b738c12d741eb8849becb5aafbca0.pdf,官网来源按专业聚合,从北京大学医学部 PDF 文本按专业/方向计算初试最低分。
2026,北京大学医学部,,105111 外科学,官网拟录取最低分,355,355,437,401.82,,33人，初试分范围 355-437,招生单位官网拟录取名单PDF(WebFetch文本),https://yjsy.bjmu.edu.cn/docs/2026-04/296b738c12d741eb8849becb5aafbca0.pdf,官网来源按专业聚合,从北京大学医学部 PDF 文本按专业/方向计算初试最低分。
2026,北京大学医学部,,105114 运动医学,官网拟录取最低分,397,397,414,406.4,,5人，初试分范围 397-414,招生单位官网拟录取名单PDF(WebFetch文本),https://yjsy.bjmu.edu.cn/docs/2026-04/296b738c12d741eb8849becb5aafbca0.pdf,官网来源按专业聚合,从北京大学医学部 PDF 文本按专业/方向计算初试最低分。
2026,北京大学医学部,,105115 妇产科学,官网拟录取最低分,376,376,430,399.89,,9人，初试分范围 376-430,招生单位官网拟录取名单PDF(WebFetch文本),https://yjsy.bjmu.edu.cn/docs/2026-04/296b738c12d741eb8849becb5aafbca0.pdf,官网来源按专业聚合,从北京大学医学部 PDF 文本按专业/方向计算初试最低分。
2026,北京大学医学部,,105116 眼科学,官网拟录取最低分,384,384,384,384.0,,1人，初试分范围 384-384,招生单位官网拟录取名单PDF(WebFetch文本),https://yjsy.bjmu.edu.cn/docs/2026-04/296b738c12d741eb8849becb5aafbca0.pdf,官网来源按专业聚合,从北京大学医学部 PDF 文本按专业/方向计算初试最低分。
2026,北京大学医学部,,105117 耳鼻咽喉科学,官网拟录取最低分,400,400,406,403.0,,2人，初试分范围 400-406,招生单位官网拟录取名单PDF(WebFetch文本),https://yjsy.bjmu.edu.cn/docs/2026-04/296b738c12d741eb8849becb5aafbca0.pdf,官网来源按专业聚合,从北京大学医学部 PDF 文本按专业/方向计算初试最低分。
2026,北京大学医学部,,105118 麻醉学,官网拟录取最低分,375,375,395,383.25,,4人，初试分范围 375-395,招生单位官网拟录取名单PDF(WebFetch文本),https://yjsy.bjmu.edu.cn/docs/2026-04/296b738c12d741eb8849becb5aafbca0.pdf,官网来源按专业聚合,从北京大学医学部 PDF 文本按专业/方向计算初试最低分。
2026,北京大学医学部,,105119 临床病理,官网拟录取最低分,393,393,419,406.0,,2人，初试分范围 393-419,招生单位官网拟录取名单PDF(WebFetch文本),https://yjsy.bjmu.edu.cn/docs/2026-04/296b738c12d741eb8849becb5aafbca0.pdf,官网来源按专业聚合,从北京大学医学部 PDF 文本按专业/方向计算初试最低分。
2026,北京大学医学部,,105121 肿瘤学,官网拟录取最低分,391,391,437,409.38,,8人，初试分范围 391-437,招生单位官网拟录取名单PDF(WebFetch文本),https://yjsy.bjmu.edu.cn/docs/2026-04/296b738c12d741eb8849becb5aafbca0.pdf,官网来源按专业聚合,从北京大学医学部 PDF 文本按专业/方向计算初试最低分。
2026,北京大学医学部,,105123 放射影像学,官网拟录取最低分,390,390,400,393.4,,5人，初试分范围 390-400,招生单位官网拟录取名单PDF(WebFetch文本),https://yjsy.bjmu.edu.cn/docs/2026-04/296b738c12d741eb8849becb5aafbca0.pdf,官网来源按专业聚合,从北京大学医学部 PDF 文本按专业/方向计算初试最低分。
2026,北京大学医学部,,105124 超声医学,官网拟录取最低分,363,363,406,381.75,,4人，初试分范围 363-406,招生单位官网拟录取名单PDF(WebFetch文本),https://yjsy.bjmu.edu.cn/docs/2026-04/296b738c12d741eb8849becb5aafbca0.pdf,官网来源按专业聚合,从北京大学医学部 PDF 文本按专业/方向计算初试最低分。
2026,北京大学医学部,,105125 核医学,官网拟录取最低分,410,410,410,410.0,,1人，初试分范围 410-410,招生单位官网拟录取名单PDF(WebFetch文本),https://yjsy.bjmu.edu.cn/docs/2026-04/296b738c12d741eb8849becb5aafbca0.pdf,官网来源按专业聚合,从北京大学医学部 PDF 文本按专业/方向计算初试最低分。
2026,北京大学医学部,,105200 儿童口腔医学,官网拟录取最低分,367,367,367,367.0,,1人，初试分范围 367-367,招生单位官网拟录取名单PDF(WebFetch文本),https://yjsy.bjmu.edu.cn/docs/2026-04/296b738c12d741eb8849becb5aafbca0.pdf,官网来源按专业聚合,从北京大学医学部 PDF 文本按专业/方向计算初试最低分。
2026,北京大学医学部,,105200 口腔修复,官网拟录取最低分,356,356,399,376.33,,3人，初试分范围 356-399,招生单位官网拟录取名单PDF(WebFetch文本),https://yjsy.bjmu.edu.cn/docs/2026-04/296b738c12d741eb8849becb5aafbca0.pdf,官网来源按专业聚合,从北京大学医学部 PDF 文本按专业/方向计算初试最低分。
2026,北京大学医学部,,105200 口腔全科医学,官网拟录取最低分,404,404,404,404.0,,1人，初试分范围 404-404,招生单位官网拟录取名单PDF(WebFetch文本),https://yjsy.bjmu.edu.cn/docs/2026-04/296b738c12d741eb8849becb5aafbca0.pdf,官网来源按专业聚合,从北京大学医学部 PDF 文本按专业/方向计算初试最低分。
2026,北京大学医学部,,105200 口腔预防医学,官网拟录取最低分,368,368,368,368.0,,1人，初试分范围 368-368,招生单位官网拟录取名单PDF(WebFetch文本),https://yjsy.bjmu.edu.cn/docs/2026-04/296b738c12d741eb8849becb5aafbca0.pdf,官网来源按专业聚合,从北京大学医学部 PDF 文本按专业/方向计算初试最低分。
2026,北京大学医学部,,105200 口腔颌面医学影像,官网拟录取最低分,377,377,377,377.0,,1人，初试分范围 377-377,招生单位官网拟录取名单PDF(WebFetch文本),https://yjsy.bjmu.edu.cn/docs/2026-04/296b738c12d741eb8849becb5aafbca0.pdf,官网来源按专业聚合,从北京大学医学部 PDF 文本按专业/方向计算初试最低分。
2026,北京大学医学部,,105200 口腔颌面外科,官网拟录取最低分,370,370,380,374.33,,3人，初试分范围 370-380,招生单位官网拟录取名单PDF(WebFetch文本),https://yjsy.bjmu.edu.cn/docs/2026-04/296b738c12d741eb8849becb5aafbca0.pdf,官网来源按专业聚合,从北京大学医学部 PDF 文本按专业/方向计算初试最低分。
2026,北京大学医学部,,105200 口腔黏膜病,官网拟录取最低分,356,356,385,372.67,,3人，初试分范围 356-385,招生单位官网拟录取名单PDF(WebFetch文本),https://yjsy.bjmu.edu.cn/docs/2026-04/296b738c12d741eb8849becb5aafbca0.pdf,官网来源按专业聚合,从北京大学医学部 PDF 文本按专业/方向计算初试最低分。
2026,北京大学医学部,,105200 牙体牙髓病,官网拟录取最低分,348,348,348,348.0,,1人，初试分范围 348-348,招生单位官网拟录取名单PDF(WebFetch文本),https://yjsy.bjmu.edu.cn/docs/2026-04/296b738c12d741eb8849becb5aafbca0.pdf,官网来源按专业聚合,从北京大学医学部 PDF 文本按专业/方向计算初试最低分。
2026,北京大学医学部,,105200 牙周病,官网拟录取最低分,383,383,383,383.0,,1人，初试分范围 383-383,招生单位官网拟录取名单PDF(WebFetch文本),https://yjsy.bjmu.edu.cn/docs/2026-04/296b738c12d741eb8849becb5aafbca0.pdf,官网来源按专业聚合,从北京大学医学部 PDF 文本按专业/方向计算初试最低分。
2026,北京大学医学部,,105300 全球卫生学01,官网拟录取最低分,345,345,345,345.0,,1人，初试分范围 345-345,招生单位官网拟录取名单PDF(WebFetch文本),https://yjsy.bjmu.edu.cn/docs/2026-04/296b738c12d741eb8849becb5aafbca0.pdf,官网来源按专业聚合,从北京大学医学部 PDF 文本按专业/方向计算初试最低分。
2026,北京大学医学部,,105300 全球卫生学02,官网拟录取最低分,323,323,323,323.0,,1人，初试分范围 323-323,招生单位官网拟录取名单PDF(WebFetch文本),https://yjsy.bjmu.edu.cn/docs/2026-04/296b738c12d741eb8849becb5aafbca0.pdf,官网来源按专业聚合,从北京大学医学部 PDF 文本按专业/方向计算初试最低分。
2026,北京大学医学部,,105300 卫生毒理学01,官网拟录取最低分,379,379,379,379.0,,1人，初试分范围 379-379,招生单位官网拟录取名单PDF(WebFetch文本),https://yjsy.bjmu.edu.cn/docs/2026-04/296b738c12d741eb8849becb5aafbca0.pdf,官网来源按专业聚合,从北京大学医学部 PDF 文本按专业/方向计算初试最低分。
2026,北京大学医学部,,105300 流行病与卫生统计学（流病）02,官网拟录取最低分,328,328,364,345.6,,5人，初试分范围 328-364,招生单位官网拟录取名单PDF(WebFetch文本),https://yjsy.bjmu.edu.cn/docs/2026-04/296b738c12d741eb8849becb5aafbca0.pdf,官网来源按专业聚合,从北京大学医学部 PDF 文本按专业/方向计算初试最低分。
2026,北京大学医学部,,105300 流行病与卫生统计学（统计）01,官网拟录取最低分,364,364,378,370.0,,3人，初试分范围 364-378,招生单位官网拟录取名单PDF(WebFetch文本),https://yjsy.bjmu.edu.cn/docs/2026-04/296b738c12d741eb8849becb5aafbca0.pdf,官网来源按专业聚合,从北京大学医学部 PDF 文本按专业/方向计算初试最低分。
2026,北京大学医学部,,105300 社会医学与卫生事业管理01,官网拟录取最低分,344,344,400,370.17,,6人，初试分范围 344-400,招生单位官网拟录取名单PDF(WebFetch文本),https://yjsy.bjmu.edu.cn/docs/2026-04/296b738c12d741eb8849becb5aafbca0.pdf,官网来源按专业聚合,从北京大学医学部 PDF 文本按专业/方向计算初试最低分。
2026,北京大学医学部,,105400 护理01,官网拟录取最低分,312,312,348,327.75,,8人，初试分范围 312-348,招生单位官网拟录取名单PDF(WebFetch文本),https://yjsy.bjmu.edu.cn/docs/2026-04/296b738c12d741eb8849becb5aafbca0.pdf,官网来源按专业聚合,从北京大学医学部 PDF 文本按专业/方向计算初试最低分。
2026,北京大学医学部,,105400 护理02,官网拟录取最低分,310,310,350,320.86,,7人，初试分范围 310-350,招生单位官网拟录取名单PDF(WebFetch文本),https://yjsy.bjmu.edu.cn/docs/2026-04/296b738c12d741eb8849becb5aafbca0.pdf,官网来源按专业聚合,从北京大学医学部 PDF 文本按专业/方向计算初试最低分。
2026,北京大学医学部,,105500 临床药学,官网拟录取最低分,366,366,409,386.88,,8人，初试分范围 366-409,招生单位官网拟录取名单PDF(WebFetch文本),https://yjsy.bjmu.edu.cn/docs/2026-04/296b738c12d741eb8849becb5aafbca0.pdf,官网来源按专业聚合,从北京大学医学部 PDF 文本按专业/方向计算初试最低分。
2026,北京大学医学部,,105500 化学生物学,官网拟录取最低分,402,402,421,411.5,,2人，初试分范围 402-421,招生单位官网拟录取名单PDF(WebFetch文本),https://yjsy.bjmu.edu.cn/docs/2026-04/296b738c12d741eb8849becb5aafbca0.pdf,官网来源按专业聚合,从北京大学医学部 PDF 文本按专业/方向计算初试最低分。
2026,北京大学医学部,,105500 生药学,官网拟录取最低分,362,362,387,370.67,,3人，初试分范围 362-387,招生单位官网拟录取名单PDF(WebFetch文本),https://yjsy.bjmu.edu.cn/docs/2026-04/296b738c12d741eb8849becb5aafbca0.pdf,官网来源按专业聚合,从北京大学医学部 PDF 文本按专业/方向计算初试最低分。
2026,北京大学医学部,,105500 药事管理,官网拟录取最低分,350,350,401,375.5,,2人，初试分范围 350-401,招生单位官网拟录取名单PDF(WebFetch文本),https://yjsy.bjmu.edu.cn/docs/2026-04/296b738c12d741eb8849becb5aafbca0.pdf,官网来源按专业聚合,从北京大学医学部 PDF 文本按专业/方向计算初试最低分。
2026,北京大学医学部,,105500 药事管理少数民族高层次,官网拟录取最低分,375,375,375,375.0,,1人，初试分范围 375-375,招生单位官网拟录取名单PDF(WebFetch文本),https://yjsy.bjmu.edu.cn/docs/2026-04/296b738c12d741eb8849becb5aafbca0.pdf,官网来源按专业聚合,从北京大学医学部 PDF 文本按专业/方向计算初试最低分。
2026,北京大学医学部,,105500 药剂学,官网拟录取最低分,384,384,384,384.0,,1人，初试分范围 384-384,招生单位官网拟录取名单PDF(WebFetch文本),https://yjsy.bjmu.edu.cn/docs/2026-04/296b738c12d741eb8849becb5aafbca0.pdf,官网来源按专业聚合,从北京大学医学部 PDF 文本按专业/方向计算初试最低分。
2026,北京大学医学部,,105500 药物化学,官网拟录取最低分,400,400,400,400.0,,1人，初试分范围 400-400,招生单位官网拟录取名单PDF(WebFetch文本),https://yjsy.bjmu.edu.cn/docs/2026-04/296b738c12d741eb8849becb5aafbca0.pdf,官网来源按专业聚合,从北京大学医学部 PDF 文本按专业/方向计算初试最低分。
2026,北京大学医学部,,105500 药理学,官网拟录取最低分,352,352,352,352.0,,1人，初试分范围 352-352,招生单位官网拟录取名单PDF(WebFetch文本),https://yjsy.bjmu.edu.cn/docs/2026-04/296b738c12d741eb8849becb5aafbca0.pdf,官网来源按专业聚合,从北京大学医学部 PDF 文本按专业/方向计算初试最低分。
2026,北京大学医学部,,105800 临床营养学,官网拟录取最低分,348,348,348,348.0,,1人，初试分范围 348-348,招生单位官网拟录取名单PDF(WebFetch文本),https://yjsy.bjmu.edu.cn/docs/2026-04/296b738c12d741eb8849becb5aafbca0.pdf,官网来源按专业聚合,从北京大学医学部 PDF 文本按专业/方向计算初试最低分。
2026,北京大学医学部,,105800 健康数据科学,官网拟录取最低分,354,354,354,354.0,,1人，初试分范围 354-354,招生单位官网拟录取名单PDF(WebFetch文本),https://yjsy.bjmu.edu.cn/docs/2026-04/296b738c12d741eb8849becb5aafbca0.pdf,官网来源按专业聚合,从北京大学医学部 PDF 文本按专业/方向计算初试最低分。
2026,北京大学医学部,,105800 医学工程技术,官网拟录取最低分,313,313,313,313.0,,1人，初试分范围 313-313,招生单位官网拟录取名单PDF(WebFetch文本),https://yjsy.bjmu.edu.cn/docs/2026-04/296b738c12d741eb8849becb5aafbca0.pdf,官网来源按专业聚合,从北京大学医学部 PDF 文本按专业/方向计算初试最低分。
2026,北京大学医学部,,105800 医学影像技术,官网拟录取最低分,365,365,382,373.5,,2人，初试分范围 365-382,招生单位官网拟录取名单PDF(WebFetch文本),https://yjsy.bjmu.edu.cn/docs/2026-04/296b738c12d741eb8849becb5aafbca0.pdf,官网来源按专业聚合,从北京大学医学部 PDF 文本按专业/方向计算初试最低分。
2026,北京大学医学部,,105800 医学检验技术,官网拟录取最低分,344,344,355,349.5,,2人，初试分范围 344-355,招生单位官网拟录取名单PDF(WebFetch文本),https://yjsy.bjmu.edu.cn/docs/2026-04/296b738c12d741eb8849becb5aafbca0.pdf,官网来源按专业聚合,从北京大学医学部 PDF 文本按专业/方向计算初试最低分。
2026,北京大学医学部,,105800 呼吸治疗学,官网拟录取最低分,394,394,396,395.0,,2人，初试分范围 394-396,招生单位官网拟录取名单PDF(WebFetch文本),https://yjsy.bjmu.edu.cn/docs/2026-04/296b738c12d741eb8849becb5aafbca0.pdf,官网来源按专业聚合,从北京大学医学部 PDF 文本按专业/方向计算初试最低分。
2026,北京大学医学部,,105800 康复治疗学,官网拟录取最低分,324,324,346,335.0,,2人，初试分范围 324-346,招生单位官网拟录取名单PDF(WebFetch文本),https://yjsy.bjmu.edu.cn/docs/2026-04/296b738c12d741eb8849becb5aafbca0.pdf,官网来源按专业聚合,从北京大学医学部 PDF 文本按专业/方向计算初试最低分。
2026,北京大学医学部,,105800 眼视光学,官网拟录取最低分,318,318,374,346.0,,2人，初试分范围 318-374,招生单位官网拟录取名单PDF(WebFetch文本),https://yjsy.bjmu.edu.cn/docs/2026-04/296b738c12d741eb8849becb5aafbca0.pdf,官网来源按专业聚合,从北京大学医学部 PDF 文本按专业/方向计算初试最低分。
2026,云南农业大学农学与生物技术学院,,071000 生物学,官网拟录取最低分,301,301,408,347.96,,27人，初试分范围 301-408,招生单位官网拟录取名单PDF(WebFetch文本),https://yjs.ynau.edu.cn/006nongxueyushengwujishuxueyuan.pdf,官网来源按专业聚合,从云南农业大学学院 PDF 文本按专业计算初试最低分。
2026,云南农业大学农学与生物技术学院,,090100 作物学,官网拟录取最低分,232,232,334,268.74,,42人，初试分范围 232-334,招生单位官网拟录取名单PDF(WebFetch文本),https://yjs.ynau.edu.cn/006nongxueyushengwujishuxueyuan.pdf,官网来源按专业聚合,从云南农业大学学院 PDF 文本按专业计算初试最低分。
2026,云南农业大学农学与生物技术学院,,095131 农艺与种业,官网拟录取最低分,231,231,345,276.11,,95人，初试分范围 231-345,招生单位官网拟录取名单PDF(WebFetch文本),https://yjs.ynau.edu.cn/006nongxueyushengwujishuxueyuan.pdf,官网来源按专业聚合,从云南农业大学学院 PDF 文本按专业计算初试最低分。
